<?xml version="1.0"?>
<config xmlns:xsi="http://www.w3.org/2001/XMLSchema-instance"
        xsi:noNamespaceSchemaLocation="urn:magento:module:Magento_Config:etc/system_file.xsd">
    <system>
        <section id="carriers">
            <group id="namicargoshipping" translate="label" type="text" sortOrder="0" showInDefault="1" showInWebsite="1" showInStore="1">
                <label>Namicargo Shipping Module</label>
                <field id="token" translate="label" type="text" sortOrder="10">
                    <frontend_model>Magento\Config\Block\System\Config\Form\Field</frontend_model>
                </field>
                <field id="api_status" translate="label" type="text" sortOrder="20" showInDefault="1">
                    <label>API Status</label>
                    <frontend_model>Namicargo\Shipping\Block\Adminhtml\Form\Field\ConnectAccount</frontend_model>
                </field>
                <field id="active" translate="label" type="select" sortOrder="20" showInDefault="1" showInWebsite="1" showInStore="1" canRestore="1">
                    <label>Enabled</label>
                    <source_model>Magento\Config\Model\Config\Source\Yesno</source_model>
                </field>
                <field id="intercity_status" translate="label" type="select" sortOrder="30" showInDefault="1" showInWebsite="1" showInStore="1">
                    <label>Inter-Warehouse Transfers</label>
                    <source_model>Magento\Config\Model\Config\Source\Yesno</source_model>
                    <comment>Use this option to transfer products between warehouses.</comment>
                </field>
                <field id="vehicle_type" translate="label" type="select" sortOrder="40" showInDefault="1" showInWebsite="1" showInStore="1">
                    <label>Order Type</label>
                    <source_model>Namicargo\Shipping\Model\Config\Source\Vehicle</source_model>
                </field>
                <field id="inner_shipping_time" translate="label" type="select" sortOrder="50" showInDefault="1" showInWebsite="1" showInStore="1">
                    <label>Inner Shipping Time (days)</label>
                    <source_model>Namicargo\Shipping\Model\Config\Source\InnerTime</source_model>
                </field>
                <field id="preparation_time" translate="label" type="select" sortOrder="60" showInDefault="1" showInWebsite="1" showInStore="1">
                    <label>Preparation Time (minuts)</label>
                    <source_model>Namicargo\Shipping\Model\Config\Source\PreparationTime</source_model>
                </field>
                <field id="multi_shipping" translate="label" type="select" sortOrder="70" showInDefault="1" showInWebsite="1" showInStore="1">
                    <label>Multi Shipping</label>
                    <source_model>Magento\Config\Model\Config\Source\Yesno</source_model>
                </field>
                <field id="include_price" translate="label" type="select" sortOrder="80" showInDefault="1" showInWebsite="1" showInStore="1">
                    <label>Include Price</label>
                    <source_model>Magento\Config\Model\Config\Source\Yesno</source_model>
                </field>
                <field id="warehouses_sync" translate="label" type="select" sortOrder="90" showInDefault="1" showInWebsite="1" showInStore="1">
                    <label>warehouses Sync</label>
                    <source_model>Magento\Config\Model\Config\Source\Yesno</source_model>
                </field>
            </group>
        </section>
    </system>
</config>
